Epoch,Training Accuracy,Evaluation Accuracy
1,95.61%,30.39%
2,95.41%,22.10%
3,95.23%,32.29%
4,94.62%,99.51%
5,94.72%,99.51%
6,95.24%,99.51%
7,95.46%,99.51%
8,95.57%,99.51%
9,95.56%,99.51%
10,95.68%,99.51%
11,95.85%,99.51%
12,95.87%,99.51%
13,95.85%,99.51%
14,95.79%,99.51%
15,95.63%,68.15%
16,95.93%,99.51%
17,95.96%,99.51%
18,95.90%,99.51%
19,95.95%,99.51%
20,95.97%,99.51%
21,96.01%,99.51%
22,96.05%,99.51%
23,95.96%,99.51%
24,95.87%,99.51%
25,95.96%,99.51%
26,95.88%,99.51%
27,96.00%,99.51%
28,95.89%,99.51%
29,95.85%,99.51%
30,95.71%,99.51%
31,95.79%,99.51%
32,95.89%,99.51%
33,95.84%,99.51%
34,95.93%,99.51%
35,96.09%,99.51%
36,96.08%,99.51%
37,95.99%,99.51%
38,95.93%,99.51%
39,95.85%,99.51%
40,95.85%,99.51%
41,95.97%,99.51%
42,95.88%,99.51%
43,95.95%,99.51%
44,95.79%,99.51%
45,95.76%,99.51%
46,96.10%,99.51%
47,95.95%,99.51%
48,95.94%,99.51%
49,95.85%,99.51%
50,96.06%,99.51%
